"1","3074","DSC05372.JPG"
"2","3074","dsc05373.jpg"
"3","3074","DSC05375.JPG"
"4","3074","DSC05380.JPG"
"5","3074","DSC05372_1.JPG"
"6","3074","dsc05373_1.jpg"
"7","3078","DSCN1227.jpg"
"8","3078","DSCN1234.jpg"
"9","3078","DSCN1236.jpg"
"10","3078","DSCN1243.jpg"
"11","3078","DSCN1260.jpg"
"35","3090","DSCN6641.jpg"
"36","3090","DSCN6644.jpg"
"37","3095","DSCN1303.jpg"
"38","3095","DSCN1298.jpg"
"39","3095","DSCN1279.jpg"
"40","3095","DSCN1276.jpg"
"41","3098","DSCN5614.jpg"
"42","3098","sewTBEvtcZg.jpg"
"43","3098","P9DDi91cH3M.jpg"
